"index","source","name","relative_key","image_url","local_file","status"
"1","HOT GAME","Quyết Chiến Tiền Thưởng Khủng","0/349_N_168G.png","https://m.c168i.top/game_pictures/g/2865/CL/349/3/3490020/custom.avif","images/01_Quyet_Chien_Tien_Thuong_Khung.avif","ok"
"2","HOT GAME","Kho Báu Aztec 2","0/349_N_168G.png","https://m.c168i.top/game_pictures/g/2865/CL/349/3/3490018/custom.avif","images/02_Kho_Bau_Aztec_2.avif","ok"
"3","HOT GAME","Quyết Chiến Giành Tiền Thưởng","0/200_N_PG.png","https://m.c168i.top/game_pictures/g/2865/CL/200/3/2000135/custom.avif","images/03_Quyet_Chien_Gianh_Tien_Thuong.avif","ok"
"4","HOT GAME","Kho Báu Aztec","0/200_N_PG.png","https://m.c168i.top/game_pictures/g/2865/CL/200/3/2000087/custom.avif","images/04_Kho_Bau_Aztec.avif","ok"
"5","HOT GAME","Đường Mạt Chược 2","0/200_N_PG.png","https://m.c168i.top/game_pictures/g/2865/CL/200/3/2000074/custom.avif","images/05_uong_Mat_Chuoc_2.avif","ok"
"6","HOT GAME","Aviator","0/312_N_Spribe-SL.png","https://m.c168i.top/game_pictures/g/2865/CL/312/11/312001/custom.avif","images/06_Aviator.avif","ok"
"7","HOT GAME","Tiền đạo bóng đá","0/313_N_MG.png","https://m.c168i.top/game_pictures/g/2865/CL/313/3/3130349/custom.avif","images/07_Tien_ao_bong_a.avif","ok"
"8","HOT GAME","Kỳ Lân Mách Nước","0/200_N_PG.png","https://m.c168i.top/game_pictures/g/2865/CL/200/3/2000106/custom.avif","images/08_Ky_Lan_Mach_Nuoc.avif","ok"
"9","HOT GAME","Neko May Mắn","0/200_N_PG.png","https://m.c168i.top/game_pictures/g/2865/CL/200/3/2000089/custom.avif","images/09_Neko_May_Man.avif","ok"
"10","HOT GAME","Chiến Thắng CaiShen","0/200_N_PG.png","https://m.c168i.top/game_pictures/g/2865/CL/200/3/2000071/custom.avif","images/10_Chien_Thang_CaiShen.avif","ok"
"11","HOT GAME","Aviamasters","0/342_N_BGaming.png","https://m.c168i.top/game_pictures/g/2865/CL/342/11/3422020/custom.avif","images/11_Aviamasters.avif","ok"
"12","HOT GAME","Jackpot Đánh Cá","0/40_N_JILI.png","https://m.c168i.top/game_pictures/g/2865/CL/315/2/3150032/custom.avif","images/12_Jackpot_anh_Ca.avif","ok"
"13","HOT GAME","Đêm Cocktail","0/200_N_PG.png","https://m.c168i.top/game_pictures/g/2865/CL/200/3/2000117/custom.avif","images/13_em_Cocktail.avif","ok"
"14","HOT GAME","Wild Đạo Tặc","0/200_N_PG.png","https://m.c168i.top/game_pictures/g/2865/CL/200/3/2000104/custom.avif","images/14_Wild_ao_Tac.avif","ok"
"15","HOT GAME","Sư Phụ Wada 2","0/349_N_168G.png","https://m.c168i.top/game_pictures/g/2865/CL/349/3/3490002/custom.avif","images/15_Su_Phu_Wada_2.avif","ok"
"16","HOT GAME","Quyền Vương","0/40_N_JILI.png","https://m.c168i.top/game_pictures/g/2865/CL/315/3/3150077/custom.avif","images/16_Quyen_Vuong.avif","ok"
"17","HOT GAME","Siêu Cấp Ace","0/40_N_JILI.png","https://m.c168i.top/game_pictures/g/2865/CL/315/3/3150049/custom.avif","images/17_Sieu_Cap_Ace.avif","ok"
"18","HOT GAME","Đế quốc hoàng kim","0/40_N_JILI.png","https://m.c168i.top/game_pictures/g/2865/CL/315/3/3150103/custom.avif","images/18_e_quoc_hoang_kim.avif","ok"
"19","HOT GAME","Super Ace Deluxe","0/40_N_JILI.png","https://m.c168i.top/game_pictures/g/2865/CL/315/3/3150403/custom.avif","images/19_Super_Ace_Deluxe.avif","ok"
"20","HOT GAME","Ngọc may mắn 3","0/40_N_JILI.png","https://m.c168i.top/game_pictures/g/2865/CL/315/3/3150300/custom.avif","images/20_Ngoc_may_man_3.avif","ok"
"21","HOT GAME","Truyền Thuyết Tần Vương","0/40_N_JILI.png","https://m.c168i.top/game_pictures/g/2865/CL/315/3/3150002/custom.avif","images/21_Truyen_Thuyet_Tan_Vuong.avif","ok"
"22","HOT GAME","Zombie Train","0/37_N_PP.png","https://m.c168i.top/game_pictures/g/2865/CL/301/3/3010433/custom.avif","images/22_Zombie_Train.avif","ok"
"23","HOT GAME","Rise of Samurai 4","0/37_N_PP.png","https://m.c168i.top/game_pictures/g/2865/CL/301/3/3010442/custom.avif","images/23_Rise_of_Samurai_4.avif","ok"
"24","HOT GAME","Gates of Olympus Super Scatter","0/37_N_PP.png","https://m.c168i.top/game_pictures/g/2865/CL/301/3/3010571/custom.avif","images/24_Gates_of_Olympus_Super_Scatter.avif","ok"
"25","HOT GAME","Chậu Phúc Đầy","0/326_N_VA.png","https://m.c168i.top/game_pictures/g/2865/CL/326/3/3260054/custom.avif","images/25_Chau_Phuc_ay.avif","ok"
"26","HOT GAME","Mahjong Self-Drawn Win 3","0/326_N_VA.png","https://m.c168i.top/game_pictures/g/2865/CL/326/3/3260003/custom.avif","images/26_Mahjong_Self_Drawn_Win_3.avif","ok"
"27","HOT GAME","Siêu Thủ Ace 2","0/349_N_168G.png","https://m.c168i.top/game_pictures/g/2865/CL/349/3/3490014/custom.avif","images/27_Sieu_Thu_Ace_2.avif","ok"
"28","HOT GAME","Siêu Thủ Ace","0/349_N_168G.png","https://m.c168i.top/game_pictures/g/2865/CL/349/3/3490013/custom.avif","images/28_Sieu_Thu_Ace.avif","ok"
"29","HOT GAME","Ù Mạt Chược 3","0/349_N_168G.png","https://m.c168i.top/game_pictures/g/2865/CL/349/3/3490016/custom.avif","images/29_U_Mat_Chuoc_3.avif","ok"
"30","HOT GAME","Ù Mạt Chược","0/349_N_168G.png","https://m.c168i.top/game_pictures/g/2865/CL/349/3/3490011/custom.avif","images/30_U_Mat_Chuoc.avif","ok"
"31","HOT GAME","Đường Mạt Chược","0/200_N_PG.png","https://m.c168i.top/game_pictures/g/2865/CL/200/3/2000065/custom.avif","images/31_uong_Mat_Chuoc.avif","ok"
"32","HOT GAME","Khỉ Hoang Dã #3258","0/200_N_PG.png","https://m.c168i.top/game_pictures/g/2865/CL/200/3/2001030/custom.avif","images/32_Khi_Hoang_Da_3258.avif","ok"
"33","HOT GAME","Đại Dịch Xác Sống","0/200_N_PG.png","https://m.c168i.top/game_pictures/g/2865/CL/200/3/2001034/custom.avif","images/33_ai_Dich_Xac_Song.avif","ok"
"34","HOT GAME","Danh dự của Yakuza","0/200_N_PG.png","https://m.c168i.top/game_pictures/g/2865/CL/200/3/2001038/custom.avif","images/34_Danh_du_cua_Yakuza.avif","ok"
"35","HOT GAME","Thỏ May Mắn","0/200_N_PG.png","https://m.c168i.top/game_pictures/g/2865/CL/200/3/2001007/custom.avif","images/35_Tho_May_Man.avif","ok"
"36","HOT GAME","Kho Báu Ganesha","0/200_N_PG.png","https://m.c168i.top/game_pictures/g/2865/CL/200/3/2000075/custom.avif","images/36_Kho_Bau_Ganesha.avif","ok"
"37","HOT GAME","Mỹ Nhân Kế Của Diao Chan","0/200_N_PG.png","https://m.c168i.top/game_pictures/g/2865/CL/200/3/2000001/custom.avif","images/37_My_Nhan_Ke_Cua_Diao_Chan.avif","ok"
"38","HOT GAME","Sự Trả Thù của Geisha","0/200_N_PG.png","https://m.c168i.top/game_pictures/g/2865/CL/200/3/2001045/custom.avif","images/38_Su_Tra_Thu_cua_Geisha.avif","ok"
"39","HOT GAME","Nữ Hoàng Tiền Thưởng","0/200_N_PG.png","https://m.c168i.top/game_pictures/g/2865/CL/200/3/2000084/custom.avif","images/39_Nu_Hoang_Tien_Thuong.avif","ok"
"40","HOT GAME","Thần May Mắn","0/200_N_PG.png","https://m.c168i.top/game_pictures/g/2865/CL/200/3/2000003/custom.avif","images/40_Than_May_Man.avif","ok"
"41","HOT GAME","Quyển Sách Bí Ẩn Ai Cập","0/200_N_PG.png","https://m.c168i.top/game_pictures/g/2865/CL/200/3/2000073/custom.avif","images/41_Quyen_Sach_Bi_An_Ai_Cap.avif","ok"
"42","HOT GAME","Pháo hoa Wild","0/200_N_PG.png","https://m.c168i.top/game_pictures/g/2865/CL/200/3/2000083/custom.avif","images/42_Phao_hoa_Wild.avif","ok"
"43","HOT GAME","Vị Cứu Tinh","0/200_N_PG.png","https://m.c168i.top/game_pictures/g/2865/CL/200/3/2000002/custom.avif","images/43_Vi_Cuu_Tinh.avif","ok"
"44","HOT GAME","Asgard Trỗi Dậy","0/200_N_PG.png","https://m.c168i.top/game_pictures/g/2865/CL/200/3/2001005/custom.avif","images/44_Asgard_Troi_Day.avif","ok"
"45","HOT GAME","Băng Nhóm Mafia","0/200_N_PG.png","https://m.c168i.top/game_pictures/g/2865/CL/200/3/2001023/custom.avif","images/45_Bang_Nhom_Mafia.avif","ok"
"46","HOT GAME","Đá Quý Và Vàng","0/200_N_PG.png","https://m.c168i.top/game_pictures/g/2865/CL/200/3/2001028/custom.avif","images/46_a_Quy_Va_Vang.avif","ok"
"47","HOT GAME","Cơn Thịnh Nộ Của Anubis","0/200_N_PG.png","https://m.c168i.top/game_pictures/g/2865/CL/200/3/2001033/custom.avif","images/47_Con_Thinh_No_Cua_Anubis.avif","ok"
"48","HOT GAME","Đường Mạt Chược","0/13_N_WG.png","https://m.c168i.top/game_pictures/g/2865/CL/13/3/3029/custom.avif","images/48_uong_Mat_Chuoc.avif","ok"
"49","HOT GAME","Đường Mạt Chược 2","0/13_N_WG.png","https://m.c168i.top/game_pictures/g/2865/CL/13/3/3032/custom.avif","images/49_uong_Mat_Chuoc_2.avif","ok"
"50","HOT GAME","Quyết Chiến Giành Tiền Thưởng","0/13_N_WG.png","https://m.c168i.top/game_pictures/g/2865/CL/13/3/3037/custom.avif","images/50_Quyet_Chien_Gianh_Tien_Thuong.avif","ok"
"51","HOT GAME","Tài Xỉu","0/56_N_KM.png?t=1681876638","https://m.c168i.top/game_pictures/g/2865/CL/56/1/560007/custom.avif","images/51_Tai_Xiu.avif","ok"
"52","HOT GAME","Thái Tú","0/56_N_KM.png?t=1681876638","https://m.c168i.top/game_pictures/g/2865/CL/56/1/560008/custom.avif","images/52_Thai_Tu.avif","ok"
"53","HOT GAME","Xóc Đĩa Sét","0/56_N_KM.png?t=1681876638","https://m.c168i.top/game_pictures/g/2865/CL/56/1/560012/custom.avif","images/53_Xoc_ia_Set.avif","ok"